{"1": {"weights": [-0.018183048599487515, 0.10134459601717592, -0.1997563079633802, 0.26527555957976556, -0.17231187046937804, -0.21426677127279023, 0.02886184609802265], "sharpe": 0.5981275690744057, "volatility": 0.4744237413598167, "return": 4.948593224287699}, "2": {"weights": [0.23955519642890263, -0.21894748756468016, 0.025508315401632196, -0.20577119181894085, -0.05008005411114622, 0.25416080822783704, -0.005976946442620324], "sharpe": 0.3901224322247373, "volatility": 0.6175326990876634, "return": 4.838576984042298}, "3": {"weights": [0.18791844340652367, -0.10206201964429125, 0.17950174969957855, -0.12538791899053678, 0.006970731899957133, 0.35698189929454216, 0.04117723706457041], "sharpe": 0.9291189228247256, "volatility": 0.3596291251120038, "return": 6.443096714800424}, "4": {"weights": [-0.19357558844093478, 0.026307367956111924, -0.22049262005845263, -0.015406001441013546, 0.09346339248158508, -0.04456773916101415, 0.4061872904608879], "sharpe": 0.6952523051301805, "volatility": 0.5057116932592789, "return": 7.7892201175764795}, "5": {"weights": [0.13190657082565863, -0.20273689748780596, -0.07918605770352276, 0.013966759858517846, -0.06387290258274098, 0.16252555787994988, 0.345805253661804], "sharpe": 0.7446835406758802, "volatility": 0.2301242375349242, "return": 3.7269937542746767}, "6": {"weights": [-0.23288896557588676, 0.11311164555741163, 0.11007505007447804, 0.024212068603257655, -0.20223363991917237, 0.04198445483464772, 0.27549417543514576], "sharpe": 0.8690475417947097, "volatility": 0.2945744362575886, "return": 5.178065423571587}, "7": {"weights": [0.04796445218465234, -0.10991603750162021, 0.039112380912496865, 0.20141169702449468, -0.09235603756702984, 0.4011451580120523, -0.10809423679765373], "sharpe": 1.076315063490121, "volatility": 0.24844401062975427, "return": 5.270284163421426}, "8": {"weights": [0.08004704931426984, -0.009339154698317134, -0.18963825178439697, -0.22256460519666751, 0.2982001653177602, -0.141367260783289, -0.058843512905299426], "sharpe": 0.4473595921018559, "volatility": 0.2836410549163899, "return": 2.9659102829480504}, "9": {"weights": [0.10192805979598057, 0.21432409864014876, -0.11831958195194839, 0.19111681635716, -0.19174239754209702, -0.08996714373874418, -0.09260190197392108], "sharpe": 0.5447521271796361, "volatility": 0.2933481213444479, "return": 2.8662825577059077}, "10": {"weights": [0.07759937175334108, -0.22963804747167654, -0.1998533923356495, 0.039733799249071396, 0.32627665916795073, -0.040821506448290065, -0.08607722357402117], "sharpe": 0.8063291427991554, "volatility": 0.24925344292645882, "return": 4.444184460108584}, "11": {"weights": [0.23743315584836627, -0.18156628249515458, -0.08010837569629962, -0.12515649391121528, 0.1713094401922037, 0.024606676253690576, 0.17981957560306996], "sharpe": 0.7578303747061903, "volatility": 0.2834514137594454, "return": 4.453802668971116}, "12": {"weights": [0.2714313038029991, 0.3187684518694037, -0.0388673514735448, 0.04854581501684257, 0.1195503654058973, -0.10770701211489907, -0.09512970031641352], "sharpe": 0.6579260331443721, "volatility": 0.26883343317464686, "return": 3.233574018590747}}